[
  {
    "id": "4e787696-07c6-4f3c-b7fe-47cfd16eaba1",
    "data": [
      {
        "text": "Thankyou",
        "userDefined": false
      }
    ],
    "isTemplate": false,
    "count": 0,
    "lang": "en",
    "updated": 0
  },
  {
    "id": "1ba139da-2fcf-40ce-a72a-8afb015ba040",
    "data": [
      {
        "text": "my order id is ",
        "userDefined": false
      },
      {
        "text": "@sys.number",
        "userDefined": true
      },
      {
        "text": ":order_id.",
        "userDefined": false
      }
    ],
    "isTemplate": false,
    "count": 0,
    "lang": "en",
    "updated": 0
  },
  {
    "id": "664a4f32-f400-42d1-8858-39417bf51c34",
    "data": [
      {
        "text": "i want to check my order status?",
        "userDefined": false
      }
    ],
    "isTemplate": false,
    "count": 0,
    "lang": "en",
    "updated": 0
  },
  {
    "id": "747a7afb-0b7d-4340-80dd-365bc1e08c9c",
    "data": [
      {
        "text": "When will my order be shipped?",
        "userDefined": false
      }
    ],
    "isTemplate": false,
    "count": 0,
    "lang": "en",
    "updated": 0
  }
]